{"Lucknow Super Giants": 1496.0402436712918, "Rising Pune Supergiants": 1546.9326570343244, "Kolkata Knight Riders": 1526.844832445602, "Sunrisers Hyderabad": 1502.5128520039116, "Punjab Kings": 1527.5847032993588, "Gujarat Titans": 1543.1356961988045, "Delhi Capitals": 1511.8883380091866, "Pune Warriors India": 1350.136246148286, "Mumbai Indians": 1518.7060514964724, "Chennai Super Kings": 1465.1732260537158, "Rajasthan Royals": 1473.4322690559793, "Royal Challengers Bengaluru": 1604.8178823889384, "Kochi Tuskers Kerala": 1478.0514846189135, "Gujarat Lions": 1454.743517575215}