{
  "Kolkata Knight Riders": 1536.4599386101397,
  "Royal Challengers Bangalore": 1540.0716119297538,
  "Chennai Super Kings": 1474.3276285867964,
  "Kings XI Punjab": 1481.192524763328,
  "Rajasthan Royals": 1482.4497196853924,
  "Delhi Daredevils": 1465.7347482390767,
  "Mumbai Indians": 1528.3567562905594,
  "Deccan Chargers": 1425.9785013090716,
  "Kochi Tuskers Kerala": 1478.0514846189135,
  "Pune Warriors": 1354.786896116425,
  "NaN": 1502.7985982378336,
  "Sunrisers Hyderabad": 1512.2170052879876,
  "Rising Pune Supergiants": 1471.0214853883258,
  "Gujarat Lions": 1462.015251781574,
  "Rising Pune Supergiant": 1567.4030475633815,
  "Delhi Capitals": 1520.4094238452165,
  "Punjab Kings": 1535.269106987384,
  "Lucknow Super Giants": 1504.7341603376083,
  "Gujarat Titans": 1551.8427530584054,
  "Royal Challengers Bengaluru": 1604.8793573628272
}